Address,Amount
0x31cd90c2788f3e390d2bb72871f5ad3f1a4b22a1,2
0x0c2a559e2c5c0d88509b9506a7c6f00332f8e9c4,1.144304
0xf427ebbeb0aee1b06c99333001009188b5086934,1.145
0xfcb0f70f2e2b5e3834e48e66cad65d351b84bcda,9.639034
0x8e7cb2ac274789f35467ff03e9236a25f9c75ec8,6.185
0x8fd03ea3b0c1957176cee672c576985fecbabb7f,0.995
0x9d235b00bb8bda7c9c027d3d707004c75e24a83a,1
